City_ID,City,Country,Lat,Lng,Max Temp,Humidity,Cloudiness,Wind Speed,Current Description
0,Itarema,BR,-2.9248,-39.9167,79.09,80,13,15.7,few clouds
1,Aksarka,RU,66.5606,67.7975,63.79,75,58,7.52,broken clouds
2,Khatanga,RU,71.9667,102.5,68.49,34,11,12.55,few clouds
3,Mataura,NZ,-46.1927,168.8643,50.49,71,77,2.53,broken clouds
4,Lompoc,US,34.6391,-120.4579,81.21,78,1,20.71,clear sky
5,Arraial Do Cabo,BR,-22.9661,-42.0278,68.31,81,22,14.5,few clouds
6,Coquimbo,CL,-29.9533,-71.3436,55.13,82,90,6.91,overcast clouds
7,San Cristobal,VE,7.7669,-72.225,75.38,98,92,4.97,overcast clouds
8,Hermanus,ZA,-34.4187,19.2345,54.81,85,68,8.61,broken clouds
9,Kapaa,US,22.0752,-159.319,84.18,78,40,4.0,light rain
10,Nikolskoye,RU,59.7035,30.7861,58.78,80,100,2.71,overcast clouds
11,Chokurdakh,RU,70.6333,147.9167,43.88,72,100,9.13,overcast clouds
12,Punta Arenas,CL,-53.15,-70.9167,39.31,87,90,8.05,light intensity shower rain
13,Grande Prairie,CA,55.1667,-118.8027,61.39,87,100,9.44,overcast clouds
14,Touros,BR,-5.1989,-35.4608,76.1,83,53,15.59,broken clouds
15,Pemangkat,ID,1.1667,108.9667,79.09,77,99,3.89,overcast clouds
16,Busselton,AU,-33.65,115.3333,52.05,76,0,10.89,clear sky
17,Port Alfred,ZA,-33.5906,26.891,61.48,88,24,10.11,few clouds
18,Hofn,IS,64.2539,-15.2082,52.34,89,84,4.07,broken clouds
19,Ponta Do Sol,PT,32.6667,-17.1,77.0,84,47,2.21,scattered clouds
20,Ben Tre,VN,10.2333,106.3833,83.57,72,100,8.32,overcast clouds
21,Rincon,US,32.296,-81.2354,75.65,89,90,5.75,overcast clouds
22,Castro,BR,-24.7911,-50.0119,50.31,90,100,6.62,overcast clouds
23,Atuona,PF,-9.8,-139.0333,77.97,73,17,13.38,few clouds
24,Dublin,US,37.7021,-121.9358,85.01,61,1,5.01,clear sky
25,Linxia,CN,35.6003,103.2064,68.7,51,35,1.19,scattered clouds
26,Poronaysk,RU,49.2167,143.1167,59.23,91,100,8.68,overcast clouds
27,Ulladulla,AU,-35.35,150.4667,66.87,47,0,0.45,clear sky
28,Torrijos,ES,39.9819,-4.2835,80.83,40,0,0.54,clear sky
29,Vaini,TO,-21.2,-175.2,77.16,78,20,12.66,few clouds
30,Bend,US,44.0582,-121.3153,72.0,40,1,1.99,clear sky
31,Cape Town,ZA,-33.9258,18.4232,54.12,88,90,2.3,fog
32,Norman Wells,CA,65.282,-126.8329,69.84,52,40,6.91,scattered clouds
33,Yarmouth,US,41.7057,-70.2286,70.12,98,90,8.01,mist
34,San Rafael Del Sur,NI,11.8485,-86.4384,79.77,87,55,1.68,broken clouds
35,Ushuaia,AR,-54.8,-68.3,38.86,65,40,5.75,light rain
36,Kindu,CD,-2.95,25.95,70.92,80,71,1.34,moderate rain
37,Jamestown,US,42.097,-79.2353,71.24,73,40,1.1,scattered clouds
38,Coahuayana,MX,18.7333,-103.6833,78.4,91,100,3.29,overcast clouds
39,Hithadhoo,MV,-0.6,73.0833,80.24,75,86,4.03,overcast clouds
40,Bom Jesus,BR,-9.0744,-44.3586,70.27,39,6,2.62,clear sky
41,Mar Del Plata,AR,-38.0023,-57.5575,57.09,28,90,1.01,overcast clouds
42,San Patricio,US,28.017,-97.5169,83.12,69,100,9.35,overcast clouds
43,Shingu,JP,33.7333,135.9833,86.99,89,100,14.14,heavy intensity rain
44,Barrow,US,71.2906,-156.7887,39.22,77,90,19.57,overcast clouds
45,Necochea,AR,-38.5473,-58.7368,53.33,80,0,13.73,clear sky
46,Kodiak,US,57.79,-152.4072,56.71,88,90,3.44,moderate rain
47,Tuktoyaktuk,CA,69.4541,-133.0374,46.4,100,90,18.41,light rain
48,Port Hedland,AU,-20.3167,118.5667,71.65,21,75,25.32,broken clouds
49,Zabol,AF,32.25,67.25,68.83,20,0,2.48,clear sky
50,Mount Gambier,AU,-37.8333,140.7667,53.51,94,75,10.36,broken clouds
51,Maamba,ZM,-17.3667,27.15,57.58,34,0,2.3,clear sky
52,East London,ZA,-33.0153,27.9116,63.03,89,3,8.63,clear sky
53,Quatre Cocos,MU,-20.2078,57.7625,68.11,73,71,14.05,light rain
54,Hobart,AU,-42.8794,147.3294,60.06,51,75,7.0,heavy intensity rain
55,Sucre,BO,-19.0333,-65.2627,54.54,45,0,4.61,clear sky
56,Olafsvik,IS,64.8945,-23.7142,54.79,83,18,4.18,few clouds
57,Nouadhibou,MR,20.931,-17.0347,69.78,88,0,17.27,clear sky
58,Bredasdorp,ZA,-34.5322,20.0403,54.28,94,96,3.44,overcast clouds
59,Springbok,ZA,-29.6643,17.8865,46.63,45,0,2.24,clear sky
60,Te Anau,NZ,-45.4167,167.7167,45.19,87,57,1.57,broken clouds
61,Belyy Yar,RU,53.6039,91.3903,62.49,82,0,2.24,clear sky
62,Kamyaran,IR,34.7956,46.9355,71.55,30,99,6.29,overcast clouds
63,Hasaki,JP,35.7333,140.8333,91.29,73,9,7.16,clear sky
64,Iqaluit,CA,63.7506,-68.5145,42.53,75,90,8.99,light rain
65,Sinnamary,GF,5.3833,-52.95,77.2,86,39,1.88,scattered clouds
66,Northam,GB,51.0333,-4.2167,61.66,97,98,21.36,overcast clouds
67,Pevek,RU,69.7008,170.3133,39.4,93,100,6.08,overcast clouds
68,Biak,ID,-0.9131,122.8766,79.93,76,100,8.95,overcast clouds
69,Uglich,RU,57.5275,38.3317,56.84,95,99,4.97,overcast clouds
70,Carnarvon,AU,-24.8667,113.6333,66.27,31,0,18.41,clear sky
71,Nemuro,JP,43.3236,145.575,72.03,94,85,6.96,overcast clouds
72,Liku,ID,-0.7275,119.8922,83.08,70,100,2.42,overcast clouds
73,Rikitea,PF,-23.1203,-134.9692,74.3,74,66,15.23,broken clouds
74,Upernavik,GL,72.7868,-56.1549,43.9,70,38,5.37,scattered clouds
75,Prainha,BR,-1.8,-53.48,78.22,64,5,3.65,clear sky
76,Santa Lucia,ES,27.9117,-15.5407,63.77,83,40,24.16,scattered clouds
77,Sitka,US,57.0531,-135.33,62.49,72,75,9.22,light rain
78,Hami,CN,42.8,93.45,86.0,22,19,10.89,few clouds
79,Tuatapere,NZ,-46.1333,167.6833,50.83,70,22,5.01,few clouds
80,Lorengau,PG,-2.0226,147.2712,85.78,68,28,9.17,scattered clouds
81,Benjamin Constant,BR,-4.3831,-70.0311,77.13,55,99,3.36,overcast clouds
82,Tibu,CO,8.639,-72.7358,76.98,80,17,1.34,few clouds
83,Alugan,PH,12.2188,125.4808,87.42,60,99,5.14,overcast clouds
84,Tomatlan,MX,19.9333,-105.25,77.11,94,100,1.5,overcast clouds
85,Wukari,NG,7.85,9.7833,71.94,97,100,4.47,overcast clouds
86,Bluff,NZ,-46.6,168.3333,50.81,70,43,13.58,scattered clouds
87,Hamilton,US,39.1834,-84.5333,78.78,69,1,0.0,clear sky
88,Port Stanley,FK,-51.7,-57.85,48.49,63,87,28.45,overcast clouds
89,Torbay,CA,47.6666,-52.7314,67.57,68,75,16.11,broken clouds
90,Port Hardy,CA,50.6996,-127.4199,62.78,67,40,14.97,scattered clouds
91,Manggar,ID,-2.8833,108.2667,83.59,77,100,12.08,overcast clouds
92,Albany,US,42.6001,-73.9662,72.21,81,0,2.8,clear sky
93,Chuy,UY,-33.6971,-53.4616,56.64,94,60,10.36,broken clouds
94,Vila Velha,BR,-20.3297,-40.2925,62.55,100,20,0.0,few clouds
95,Yellowknife,CA,62.456,-114.3525,63.28,55,75,9.22,smoke
96,Atar,MR,20.5169,-13.0499,94.35,16,6,9.75,clear sky
97,Lebu,CL,-37.6167,-73.65,51.31,85,100,10.31,moderate rain
98,Ternate,ID,0.8,127.4,83.32,71,84,5.35,broken clouds
99,Ulaangom,MN,49.9811,92.0667,61.77,68,100,2.04,overcast clouds
100,Erdenet,MN,49.0333,104.0833,64.74,70,100,4.0,overcast clouds
101,Klaksvik,FO,62.2266,-6.589,54.52,95,100,7.02,overcast clouds
102,Airai,TL,-8.9266,125.4092,68.36,43,62,5.68,broken clouds
103,Grand Forks,US,47.9417,-97.4337,67.93,81,1,9.22,smoke
104,Havre,FR,49.5833,0.3333,61.57,88,75,19.57,broken clouds
105,Yulara,AU,-25.2406,130.9889,57.04,44,0,16.11,clear sky
106,Kaeo,NZ,-35.1,173.7833,61.32,78,77,13.96,broken clouds
107,Asau,RO,46.4333,26.4,64.4,94,100,5.59,light rain
108,Dingle,PH,10.9995,122.6711,86.18,66,98,13.06,light rain
109,Port Antonio,JM,18.18,-76.4612,84.11,79,11,7.72,few clouds
110,Avarua,CK,-21.2078,-159.775,77.05,61,75,4.61,broken clouds
111,Sola,VU,-13.8833,167.55,78.33,72,0,1.45,clear sky
112,Kampot,KH,10.6167,104.1833,78.85,74,100,9.55,overcast clouds
113,Pangnirtung,CA,66.1451,-65.7125,40.91,97,100,8.5,light rain
114,Patiya,BD,22.2931,91.9762,80.55,100,75,0.0,broken clouds
115,Kandrian,PG,-6.2167,149.55,80.38,79,86,16.33,light rain
116,New Norfolk,AU,-42.7826,147.0587,59.72,58,86,10.0,moderate rain
117,Atbasar,KZ,51.8,68.3333,67.69,62,97,3.87,overcast clouds
118,Cidreira,BR,-30.1811,-50.2056,61.11,91,100,17.69,overcast clouds
119,Oparino,RU,59.8518,48.2783,46.71,84,16,2.21,few clouds
120,Goundam,ML,16.4145,-3.6708,81.5,56,100,10.04,overcast clouds
121,Saskylakh,RU,71.9167,114.0833,58.78,43,10,11.3,clear sky
122,Waipawa,NZ,-41.4122,175.5153,53.46,72,99,2.57,overcast clouds
123,Karlskoga,SE,59.3267,14.5239,55.31,94,38,3.74,scattered clouds
124,Fukue,JP,32.6881,128.8419,86.36,79,20,8.05,few clouds
125,Nanakuli,US,21.3906,-158.1547,87.75,51,75,10.36,broken clouds
126,Nizhniy Tsasuchey,RU,50.5167,115.1333,72.36,49,4,10.16,clear sky
127,Pareora,NZ,-44.4871,171.2132,53.19,75,21,5.12,few clouds
128,Kavieng,PG,-2.5744,150.7967,82.83,75,85,10.38,light rain
129,La Rioja,ES,42.25,-2.5,60.58,97,9,2.37,clear sky
130,Puerto Ayacucho,VE,5.6639,-67.6236,73.15,92,80,1.01,heavy intensity rain
131,Kutum,SD,14.2,24.6667,75.51,62,63,13.27,broken clouds
132,Esperance,AU,-33.8667,121.9,55.24,63,0,12.64,clear sky
133,Brawley,US,32.9787,-115.5303,116.1,29,40,20.71,scattered clouds
134,Smithers,CA,54.7804,-127.1743,68.32,40,75,4.61,broken clouds
135,Zakharovo,RU,54.366,39.2792,64.26,64,100,5.59,overcast clouds
136,Srivardhan,IN,18.0333,73.0167,79.72,86,100,13.6,overcast clouds
137,Geraldton,AU,-28.7667,114.6,56.12,66,0,17.27,clear sky
138,Kanker,IN,20.2719,81.4931,75.09,90,97,5.95,overcast clouds
139,Qaanaaq,GL,77.484,-69.3632,44.17,65,17,3.22,few clouds
140,Porto Novo,BJ,6.4965,2.6036,78.62,87,97,6.96,overcast clouds
141,Saint-Philippe,RE,-21.3585,55.7679,65.75,71,49,9.17,scattered clouds
142,Luba,GQ,3.4568,8.5547,75.09,85,67,4.61,light rain
143,Kruisfontein,ZA,-34.0033,24.7314,55.89,94,94,2.8,overcast clouds
144,Port Elizabeth,ZA,-33.918,25.5701,61.09,94,75,10.36,light rain
145,Kamaishi,JP,39.2667,141.8833,85.15,72,88,8.16,overcast clouds
146,Cherskiy,RU,68.75,161.3,59.56,57,38,3.96,scattered clouds
147,Lubartow,PL,51.4603,22.6095,63.03,96,97,10.27,overcast clouds
148,Abu Kamal,SY,34.4506,40.9171,95.38,18,47,14.12,scattered clouds
149,Hilo,US,19.7297,-155.09,82.13,75,75,12.66,light rain
150,Ahipara,NZ,-35.1667,173.1667,57.69,83,29,16.8,scattered clouds
151,Cabo San Lucas,MX,22.8909,-109.9124,86.5,75,75,4.0,broken clouds
152,Bristol,US,41.8334,-71.1662,67.57,90,90,1.01,mist
153,Wajima,JP,37.4,136.9,88.48,79,75,5.75,broken clouds
154,Ca Mau,VN,9.1769,105.15,83.3,78,100,8.97,overcast clouds
155,Mahebourg,MU,-20.4081,57.7,68.29,64,20,6.91,light rain
156,Auckland,NZ,-36.8667,174.7667,57.22,95,75,1.99,broken clouds
157,Tal,PK,35.4791,72.2439,61.88,73,6,2.62,clear sky
158,Tasiilaq,GL,65.6145,-37.6368,37.24,77,0,3.91,clear sky
159,Nanortalik,GL,60.1432,-45.2371,46.63,95,100,3.47,light rain
160,Kinkala,CG,-4.3614,14.7644,68.31,79,5,7.96,clear sky
161,Vostok,RU,46.4856,135.8833,74.84,82,94,4.32,moderate rain
162,Nyurba,RU,63.2842,118.3319,69.21,32,0,10.47,clear sky
163,Nador,MA,35.174,-2.9287,75.45,73,0,0.0,clear sky
164,Fecamp,FR,49.7579,0.3746,62.69,93,90,20.65,overcast clouds
165,Puerto Ayora,EC,-0.7393,-90.3518,70.56,90,57,5.01,broken clouds
166,Maldonado,UY,-34.6667,-54.9167,57.22,84,59,9.73,broken clouds
167,Faanui,PF,-16.4833,-151.75,79.16,71,99,8.41,overcast clouds
168,Omboue,GA,-1.5746,9.2618,74.28,84,4,5.35,clear sky
169,Lata,PT,40.1629,-8.3327,65.05,98,53,2.86,broken clouds
170,Severo-Kurilsk,RU,50.6789,156.125,55.31,64,0,18.03,clear sky
171,Kaitangata,NZ,-46.2817,169.8464,54.93,68,2,3.31,clear sky
172,Saint-Francois,FR,46.4154,3.9054,63.84,77,75,4.61,broken clouds
173,Poshekhonye,RU,58.4993,39.1353,54.03,90,93,7.85,moderate rain
174,Aden,YE,12.7794,45.0367,83.5,82,100,10.71,overcast clouds
175,Irbeyskoye,RU,55.6428,95.4522,61.0,97,100,2.21,light rain
176,Chapais,CA,49.7834,-74.8492,69.58,95,73,8.32,broken clouds
177,Sobreira,PT,41.5237,-7.8023,59.0,99,59,2.8,broken clouds
178,Oistins,BB,13.0667,-59.5333,80.69,83,75,11.5,broken clouds
179,Grindavik,IS,63.8424,-22.4338,53.91,100,40,5.75,fog
180,Bayji,IQ,34.9311,43.487,95.4,19,16,8.46,few clouds
181,Saray,AZ,40.5322,49.7164,71.08,67,0,5.86,clear sky
182,Clyde River,CA,70.4692,-68.5914,39.43,100,90,11.5,moderate rain
183,Pacific Grove,US,36.6177,-121.9166,83.16,85,75,5.99,broken clouds
184,Waddan,LY,29.1614,16.139,86.77,21,0,5.86,clear sky
185,Victoria,HK,22.2855,114.1577,84.38,90,100,8.01,overcast clouds
186,Codrington,AU,-38.2667,141.9667,53.65,79,100,12.55,overcast clouds
187,Fortuna,US,40.5982,-124.1573,76.19,68,40,1.99,scattered clouds
188,Dikson,RU,73.5069,80.5464,51.37,89,3,5.59,clear sky
189,Byron Bay,AU,-28.65,153.6167,67.87,46,77,2.53,broken clouds
190,Talara,PE,-4.5772,-81.2719,64.92,90,2,16.2,clear sky
191,Darhan,MN,49.4867,105.9228,68.29,71,32,3.44,scattered clouds
192,Lewisporte,CA,49.2499,-55.0482,71.31,61,100,11.81,overcast clouds
193,Asosa,ET,10.0667,34.5333,59.85,80,100,3.44,overcast clouds
194,Saldanha,ZA,-33.0117,17.9442,44.65,86,0,3.8,clear sky
195,Chara,RU,56.9064,118.2631,57.09,94,100,1.74,moderate rain
196,Dano,BF,11.15,-3.0667,74.53,86,100,6.91,moderate rain
197,Sangar,RU,63.9242,127.4739,70.39,29,0,7.31,clear sky
198,Temple,US,31.0982,-97.3428,83.41,73,1,9.22,clear sky
199,Birjand,IR,32.8663,59.2211,68.47,22,0,4.61,clear sky
200,Constitucion,CL,-35.3333,-72.4167,50.49,91,100,3.13,overcast clouds
201,Mecca,SA,21.4267,39.8261,84.97,62,40,6.67,scattered clouds
202,Itoman,JP,26.1247,127.6694,86.4,86,20,6.91,few clouds
203,Dedza,MW,-14.3779,34.3332,52.7,60,0,1.59,clear sky
204,Cervo,ES,43.6702,-7.4101,63.19,85,67,9.42,broken clouds
205,Buchanan,LR,5.8808,-10.0467,76.32,79,100,9.44,overcast clouds
206,Souillac,MU,-20.5167,57.5167,68.38,64,20,6.91,light rain
207,Beringovskiy,RU,63.05,179.3167,49.59,84,100,7.81,overcast clouds
208,Varzea Grande,BR,-15.6467,-56.1325,75.07,38,0,3.44,clear sky
209,Vanavara,RU,60.34,102.2797,66.31,60,100,8.08,overcast clouds
210,La Ronge,CA,55.1001,-105.2842,70.05,60,40,6.91,smoke
211,Alta Floresta,BR,-9.8756,-56.0861,76.73,33,88,3.94,overcast clouds
212,Requena,ES,39.4883,-1.1004,68.7,28,0,4.41,clear sky
213,Thunder Bay,CA,48.4001,-89.3168,69.78,83,90,11.5,overcast clouds
214,Mount Isa,AU,-20.7333,139.5,67.77,26,0,16.11,clear sky
215,Kuytun,RU,54.3419,101.5036,67.01,65,100,3.27,overcast clouds
216,Chaman,PK,30.9236,66.4512,74.88,32,0,4.14,clear sky
217,Yate,GB,51.5407,-2.4184,60.76,94,99,1.99,overcast clouds
218,Thompson,CA,55.7435,-97.8558,64.56,48,75,3.44,smoke
219,Urengoy,RU,65.9667,78.3667,68.02,65,5,5.21,clear sky
220,Gamba,GA,-2.65,10.0,72.66,87,10,5.32,clear sky
221,Bengkulu,ID,-3.8004,102.2655,78.3,80,22,2.66,few clouds
222,Champerico,GT,14.3,-91.9167,82.35,86,100,10.0,overcast clouds
223,Moorhead,US,46.8739,-96.7676,71.56,73,1,6.91,haze
224,Laramie,US,41.3114,-105.5911,80.98,22,1,3.0,clear sky
225,Huarmey,PE,-10.0681,-78.1522,65.01,83,12,9.82,few clouds
226,Ribeira Grande,PT,38.5167,-28.7,73.49,91,17,13.89,few clouds
227,San Jose De Las Lajas,CU,22.9614,-82.1511,72.52,86,83,3.31,broken clouds
228,Arman,RU,59.7,150.1667,59.4,51,100,19.39,overcast clouds
229,Conceicao Da Barra,BR,-18.5933,-39.7322,70.47,68,72,9.13,broken clouds
230,Tecoanapa,MX,16.5167,-98.75,79.11,86,100,6.17,overcast clouds
231,Evanston,US,42.0411,-87.6901,80.98,48,75,3.0,broken clouds
232,Uporovo,RU,56.3109,66.2693,65.26,92,80,7.85,broken clouds
233,Zyryanovsk,KZ,49.7386,84.2719,57.31,79,7,1.48,clear sky
234,Nalut,LY,30.3333,10.85,88.14,13,0,8.7,clear sky
235,Octeville,FR,49.6261,-1.6435,59.92,94,90,17.27,overcast clouds
236,Andenes,NO,69.3143,16.1194,51.78,93,40,4.61,scattered clouds
237,Cayenne,GF,4.9333,-52.3333,81.09,83,75,3.44,light rain
238,Tutin,RS,42.9903,20.3314,59.49,60,97,4.25,overcast clouds
239,Boshnyakovo,RU,49.6333,142.1667,58.66,94,100,4.47,overcast clouds
240,Narsaq,GL,60.9167,-46.05,48.42,93,100,1.07,light rain
241,Sur,OM,22.5667,59.5289,92.21,45,0,10.71,clear sky
242,Muncar,ID,-8.4333,114.3333,78.53,86,98,4.27,overcast clouds
243,Longyearbyen,SJ,78.2186,15.6401,42.64,87,75,3.44,broken clouds
244,Oriximina,BR,-1.7656,-55.8661,77.95,73,75,3.8,broken clouds
245,Deputatskiy,RU,69.3,139.9,37.15,92,100,5.28,overcast clouds
246,Perth,AU,-31.9333,115.8333,60.1,60,0,9.22,clear sky
247,Hambantota,LK,6.1241,81.1185,79.14,100,40,12.66,scattered clouds
248,Kirakira,SB,-10.4544,161.9205,83.21,57,7,5.17,clear sky
249,Tiksi,RU,71.6872,128.8694,42.4,84,100,15.57,overcast clouds
250,Yarada,IN,17.65,83.2667,84.52,89,40,4.61,mist
251,Wamba,NG,8.9333,8.6,70.29,95,100,4.27,overcast clouds
252,Hualmay,PE,-11.0964,-77.6139,64.06,82,1,10.71,clear sky
253,Lavrentiya,RU,65.5833,-171.0,52.72,93,100,2.37,overcast clouds
254,Tiznit,MA,29.5833,-9.5,69.69,74,0,1.63,clear sky
255,Peno,RU,56.9262,32.7426,51.28,99,23,1.48,few clouds
256,Katangli,RU,51.7102,143.2326,53.89,96,100,13.13,overcast clouds
257,Saint-Georges,GD,12.0564,-61.7485,80.28,89,20,0.0,few clouds
258,Samarai,PG,-10.6167,150.6667,79.2,65,97,13.47,overcast clouds
259,Caravelas,BR,-17.7125,-39.2481,71.02,70,100,10.4,overcast clouds
260,Mehamn,NO,71.0357,27.8492,50.16,88,86,3.69,overcast clouds
261,Padang,ID,-0.9492,100.3543,80.65,74,100,2.33,overcast clouds
262,Bouna,CI,9.2667,-3.0,71.89,93,100,7.38,overcast clouds
263,Kununurra,AU,-15.7667,128.7333,75.18,16,2,16.11,clear sky
264,Homer,US,59.6425,-151.5483,66.07,82,1,13.8,clear sky
265,Leningradskiy,RU,69.3833,178.4167,40.68,90,82,7.0,broken clouds
266,Bouca,CF,6.5105,18.2733,69.06,96,71,3.22,light rain
267,Barsovo,RU,61.1667,73.1667,55.53,76,2,2.08,clear sky
268,Vila Franca Do Campo,PT,37.7167,-25.4333,72.01,91,47,7.18,scattered clouds
269,Maroantsetra,MG,-15.4333,49.7333,67.5,84,78,6.35,light rain
270,Ostrovnoy,RU,68.0531,39.5131,49.6,81,100,2.35,overcast clouds
271,Margate,GB,51.3813,1.3862,63.03,96,24,1.99,few clouds
272,Husavik,IS,66.0449,-17.3389,53.51,90,61,2.98,broken clouds
273,Ambulu,ID,-8.345,113.6058,78.24,80,100,2.44,overcast clouds
274,Guerrero Negro,MX,27.9769,-114.0611,75.94,69,20,15.08,few clouds
275,Tinaquillo,VE,9.9186,-68.3047,68.54,98,9,0.45,clear sky
276,Komsomolskiy,UZ,40.4272,71.7189,75.92,33,32,2.3,scattered clouds
277,Bambous Virieux,MU,-20.3428,57.7575,68.25,64,20,6.91,light rain
278,Richards Bay,ZA,-28.783,32.0377,60.1,91,0,7.29,clear sky
279,Kamloops,CA,50.6665,-120.3192,91.81,24,75,11.01,smoke
280,Constantine,DZ,36.365,6.6147,74.61,49,0,5.75,clear sky
281,Baie-Comeau,CA,49.2168,-68.1489,69.8,94,1,2.3,clear sky
282,Upata,VE,8.0086,-62.3989,70.32,93,27,1.61,scattered clouds
283,Mpanda,TZ,-6.3655,31.0409,69.28,51,73,3.6,broken clouds
284,Provideniya,RU,64.3833,-173.3,55.51,58,0,11.18,clear sky
285,Monteagudo,BO,-19.8167,-63.9833,56.8,59,0,3.0,clear sky
286,Yar-Sale,RU,66.8333,70.8333,63.45,68,100,7.18,overcast clouds
287,Skelleftea,SE,64.7507,20.9528,50.36,81,100,2.3,overcast clouds
288,Mtwara,TZ,-10.2667,40.1833,68.97,91,11,6.64,few clouds
289,Prince Rupert,CA,54.3161,-130.3201,58.69,94,90,6.91,light rain
290,Arraias,BR,-12.9288,-46.9437,72.05,32,75,8.41,broken clouds
291,Georgetown,MY,5.4112,100.3354,84.13,77,20,3.44,thunderstorm
292,San Juan,AR,-31.5375,-68.5364,64.54,30,100,4.29,overcast clouds
293,Mongu,ZM,-15.2484,23.1274,51.69,31,0,4.85,clear sky
294,Bosaso,SO,11.2842,49.1816,88.99,43,84,20.92,light rain
295,Adrar,MR,20.5022,-10.0711,91.17,16,90,7.7,overcast clouds
296,Antalaha,MG,-14.9003,50.2788,66.85,84,70,8.61,broken clouds
297,Kyaikkami,MM,16.08,97.5675,80.4,86,98,9.6,overcast clouds
298,Katsuura,JP,35.1333,140.3,87.91,74,73,9.75,broken clouds
299,Aklavik,CA,68.2191,-135.0107,63.32,49,18,20.69,few clouds
300,Bethel,US,41.3712,-73.414,72.72,87,1,3.44,clear sky
301,Muros,ES,42.7762,-9.0603,64.24,87,95,3.09,overcast clouds
302,Jaguaribe,BR,-5.8906,-38.6219,80.87,51,68,10.63,broken clouds
303,Kilifarevo,BG,42.9833,25.6333,77.22,73,98,0.0,light rain
304,Boysun,UZ,38.2061,67.1986,73.22,28,12,5.03,few clouds
305,Pochutla,MX,15.7432,-96.4661,74.82,83,94,1.77,overcast clouds
306,Morondava,MG,-20.2833,44.2833,70.99,60,99,9.17,overcast clouds
307,Boa Vista,BR,2.8197,-60.6733,80.58,74,20,6.91,few clouds
308,Porto Velho,BR,-8.7619,-63.9039,77.05,57,100,1.14,smoke
309,Regina,CA,50.4501,-104.6178,82.4,44,20,3.44,smoke
310,Khasan,RU,42.4308,130.6434,78.66,74,100,5.26,overcast clouds
311,Zhigansk,RU,66.7697,123.3711,58.39,45,100,9.04,overcast clouds
312,Aksu,CN,41.1231,80.2644,78.69,33,100,5.23,overcast clouds
313,Kalemie,CD,-5.9475,29.1947,73.42,57,54,2.13,broken clouds
314,Porlamar,VE,10.958,-63.8491,82.49,78,3,8.05,clear sky
315,Rennes,FR,48.1667,-1.6667,60.19,88,90,8.05,overcast clouds
316,Litovko,RU,49.2361,135.1742,63.93,97,100,4.0,overcast clouds
317,Labuhan,ID,-6.8844,112.2051,80.64,76,87,7.45,overcast clouds
318,Raudeberg,NO,61.9875,5.1352,57.2,79,100,4.18,overcast clouds
319,Ketchikan,US,55.3422,-131.6461,57.67,94,90,11.5,light rain
320,Iracoubo,GF,5.4802,-53.2011,76.91,88,88,3.83,overcast clouds
321,Gandorhun,SL,7.5,-11.8333,72.43,95,100,3.94,overcast clouds
322,Dunedin,NZ,-45.8742,170.5036,50.54,64,7,2.89,clear sky
323,Acapulco,MX,16.8634,-99.8901,84.02,74,90,3.44,overcast clouds
324,Half Moon Bay,US,37.4636,-122.4286,81.97,76,1,12.66,clear sky
325,Magistralnyy,RU,56.1725,107.4458,60.58,90,99,3.11,light rain
326,Monrovia,LR,6.3005,-10.7969,77.0,78,100,10.94,light rain
327,Soltsy,RU,58.1239,30.3238,54.41,99,100,7.87,overcast clouds
328,Mega,ET,4.05,38.3,57.81,70,78,16.26,broken clouds
329,Fontem,CM,5.4685,9.8818,64.09,98,97,1.01,overcast clouds
330,Butaritari,KI,3.0707,172.7902,83.34,64,11,12.66,few clouds
331,Ndende,GA,-2.4008,11.3581,72.37,87,63,2.84,broken clouds
332,Honiara,SB,-9.4333,159.95,85.03,58,15,3.89,few clouds
333,Verkhoyansk,RU,67.5447,133.385,55.94,47,12,4.7,few clouds
334,Forio,IT,40.7342,13.8646,74.43,81,83,3.0,broken clouds
335,Saint-Pierre,RE,-21.3393,55.4781,65.84,67,40,6.91,scattered clouds
336,Namibe,AO,-15.1961,12.1522,66.31,81,0,2.48,clear sky
337,Sistranda,NO,63.7256,8.834,59.9,78,65,3.58,broken clouds
338,Ishigaki,JP,24.3448,124.1572,87.93,84,75,20.71,broken clouds
339,Tarata,BO,-17.6167,-66.0167,59.68,59,0,3.85,clear sky
340,Buin,CL,-33.7333,-70.75,58.05,69,100,2.64,overcast clouds
341,General Roca,AR,-39.0333,-67.5833,48.6,32,87,8.7,overcast clouds
342,Tacuarembo,UY,-31.7333,-55.9833,56.21,90,93,5.3,overcast clouds
343,Leona Vicario,MX,20.9667,-87.1917,85.98,77,84,4.88,broken clouds
344,Lagoa,PT,39.05,-27.9833,72.7,93,8,20.04,clear sky
345,Taunggyi,MM,20.7833,97.0333,64.13,97,100,3.67,overcast clouds
346,Vilhena,BR,-12.7406,-60.1458,71.44,41,94,3.18,overcast clouds
347,Kintampo,GH,8.0563,-1.7306,70.52,94,100,5.12,overcast clouds
348,Amga,RU,60.8953,131.9608,72.99,45,93,9.8,overcast clouds
349,Teguise,ES,29.0605,-13.564,68.22,83,90,12.66,overcast clouds
350,Marawi,PH,7.9986,124.2928,81.64,57,99,3.89,overcast clouds
351,Severnyy,RU,50.677,36.5532,68.04,60,0,4.47,clear sky
352,Watsa,CD,3.0372,29.5355,63.01,98,100,1.81,light rain
353,Panguna,PG,-6.3164,155.4848,76.5,79,100,1.39,light rain
354,Ilulissat,GL,69.2167,-51.1,50.02,66,75,14.97,light rain
355,Mocuba,MZ,-16.8392,36.9856,62.89,97,1,2.01,clear sky
356,Sao Filipe,CV,14.8961,-24.4956,77.86,91,100,8.84,overcast clouds
357,Elat,IL,29.5581,34.9482,85.84,42,0,0.0,clear sky
358,Kamina,CD,-8.7386,24.9906,63.14,32,0,4.45,clear sky
359,Saint George,US,37.1041,-113.5841,108.19,10,1,5.01,clear sky
360,Matagami,CA,49.7502,-77.6328,62.71,100,90,3.44,thunderstorm with rain
361,Port Lincoln,AU,-34.7333,135.8667,57.63,68,100,9.51,overcast clouds
362,Awbari,LY,26.5921,12.7805,86.79,13,0,7.2,clear sky
363,Waingapu,ID,-9.6567,120.2641,82.53,65,34,17.81,scattered clouds
364,Muriwai Beach,NZ,-36.8167,174.45,56.35,95,100,14.03,light rain
365,Sibolga,ID,1.7427,98.7792,79.57,73,99,1.81,overcast clouds
366,Muzhi,RU,65.3667,64.6667,61.2,74,92,5.93,overcast clouds
367,Tarakan,ID,3.3,117.6333,80.1,83,40,4.61,scattered clouds
368,Alghero,IT,40.5589,8.3181,75.29,78,40,8.05,scattered clouds
369,Lima,PE,-12.0432,-77.0282,61.14,77,90,10.36,overcast clouds
370,Tuskegee,US,32.424,-85.6916,80.92,57,98,5.06,overcast clouds
371,Bantogon,PH,6.5333,124.0333,83.95,64,99,3.13,overcast clouds
372,Moroni,KM,-11.7022,43.2551,72.93,71,0,2.75,clear sky
373,Tchibanga,GA,-2.85,11.0333,68.83,95,37,2.53,light rain
374,Puerto Carreno,CO,6.189,-67.4859,74.77,89,45,3.4,moderate rain
375,Inhambane,MZ,-23.865,35.3833,64.78,84,0,6.04,clear sky
376,Kulhudhuffushi,MV,6.6221,73.07,81.37,79,100,13.8,overcast clouds
377,Bassar,TG,9.25,0.7833,68.61,97,100,3.15,overcast clouds
378,Agropoli,IT,40.3469,14.9966,73.9,71,100,8.86,overcast clouds
379,Gat,IL,31.61,34.7642,87.4,31,0,2.53,clear sky
380,Hovelhof,DE,51.8167,8.65,60.33,88,54,5.14,broken clouds
381,Klyuchi,RU,52.2667,79.1667,64.02,70,76,6.38,broken clouds
382,Zyryanka,RU,65.75,150.85,47.97,70,100,15.12,overcast clouds
383,Bambanglipuro,ID,-7.95,110.2833,78.67,78,98,3.22,overcast clouds
384,Malakal,SS,9.5334,31.6605,72.25,90,95,2.46,light rain
385,Freeport,US,40.6576,-73.5832,75.24,87,1,3.0,clear sky
386,Kuala Lumpur,MY,3.1431,101.6865,81.93,78,20,2.3,few clouds
387,Port Keats,AU,-14.25,129.55,78.75,17,80,15.17,broken clouds
388,Araouane,ML,18.9048,-3.5265,88.61,37,100,11.18,overcast clouds
389,Wajir,KE,1.7471,40.0573,71.73,71,89,14.67,overcast clouds
390,Cabra,ES,37.4725,-4.4421,80.91,38,0,2.59,clear sky
391,Rio Grande,BR,-32.035,-52.0986,57.94,95,12,13.96,few clouds
392,Palembang,ID,-2.9167,104.7458,78.89,89,20,6.91,few clouds
393,Los Llanos De Aridane,ES,28.6585,-17.9182,67.75,96,20,18.41,few clouds
394,Cockburn Town,TC,21.4612,-71.1419,82.99,82,7,18.99,clear sky
395,Lang Son,VN,21.8333,106.7333,86.85,68,90,2.24,overcast clouds
396,Media Luna,CU,20.1419,-77.435,81.27,75,54,2.21,broken clouds
397,Aranos,NA,-24.1333,19.1167,52.93,20,3,6.49,clear sky
398,Pitimbu,BR,-7.4706,-34.8086,72.19,83,6,14.34,clear sky
399,Puerto Madryn,AR,-42.7692,-65.0385,62.33,35,100,11.97,overcast clouds
400,Nijar,ES,36.9665,-2.206,71.24,94,75,2.3,broken clouds
401,Paamiut,GL,61.994,-49.6678,45.3,93,100,20.89,overcast clouds
402,Korla,CN,41.7597,86.1469,82.63,21,98,10.96,overcast clouds
403,Bonavista,CA,48.6499,-53.1147,68.0,71,91,15.61,overcast clouds
404,Hirara,JP,24.8,125.2833,89.87,79,75,13.8,broken clouds
405,Srednekolymsk,RU,67.45,153.6833,49.73,69,100,11.32,overcast clouds
406,Allada,BJ,6.6655,2.1514,77.76,88,92,4.9,overcast clouds
407,Lakselv,NO,70.0513,24.9718,51.62,82,90,14.97,overcast clouds
408,Labuan,MY,5.2767,115.2417,86.36,70,20,3.44,few clouds
409,Rawson,AR,-43.3002,-65.1023,60.67,38,99,8.86,overcast clouds
410,Maragogi,BR,-9.0122,-35.2225,72.77,83,8,11.48,clear sky
411,Kushmurun,KZ,52.4503,64.6311,73.45,58,75,7.27,broken clouds
412,Karpathos,GR,35.507,27.2132,82.76,59,0,13.56,clear sky
413,Uyemskiy,RU,64.4743,40.8524,35.65,100,90,2.24,overcast clouds
414,Lazaro Cardenas,MX,17.9583,-102.2,81.21,77,100,2.86,overcast clouds
415,Rio Gallegos,AR,-51.6226,-69.2181,46.45,39,0,23.02,clear sky
416,Springfield,US,37.2153,-93.2982,73.26,90,1,8.05,clear sky
417,Tual,ID,-5.6667,132.75,80.29,81,100,23.6,overcast clouds
418,Eureka,US,40.8021,-124.1637,68.2,78,70,3.0,broken clouds
419,Svetlyy,RU,54.675,20.1347,60.85,73,100,13.24,overcast clouds
420,Luanda,AO,-8.8368,13.2343,71.6,88,75,1.14,broken clouds
421,Vardo,NO,70.3705,31.1107,50.2,82,52,2.57,broken clouds
422,Atambua,ID,-9.1061,124.8925,80.38,46,83,6.24,broken clouds
423,Sept-Iles,CA,50.2001,-66.3821,61.25,89,75,5.75,broken clouds
424,Coihaique,CL,-45.5752,-72.0662,49.95,46,100,11.5,light rain
425,Phan Thiet,VN,10.9333,108.1,83.44,71,100,13.85,overcast clouds
426,Carlagan,PH,14.975,122.0456,86.95,66,91,13.87,overcast clouds
427,Kargasok,RU,59.0556,80.8572,62.64,89,50,1.48,scattered clouds
428,Ponta Delgada,PT,37.7333,-25.6667,72.32,100,40,12.66,scattered clouds
429,Ust-Kut,RU,56.7938,105.7672,64.49,74,50,3.51,scattered clouds
430,Oktyabrskiy,RU,54.4815,53.471,55.65,85,0,4.03,clear sky
431,Peleduy,RU,59.6289,112.7406,61.23,89,100,10.51,light rain
432,Uchiza,PE,-8.4592,-76.4633,70.3,73,4,3.51,clear sky
433,Santa Rosa,PH,14.3122,121.1114,90.09,69,100,12.57,overcast clouds
434,Moron,AR,-34.6534,-58.6198,55.15,97,0,6.55,clear sky
435,Heinsberg,DE,51.0667,6.0833,66.38,84,100,7.52,overcast clouds
436,Le Port,RE,-20.9373,55.2919,66.16,68,55,8.97,broken clouds
437,The Pas,CA,53.8251,-101.2541,68.02,68,1,7.05,clear sky
438,Guipavas,FR,48.4352,-4.3972,59.32,100,90,17.27,overcast clouds
439,Saint-Augustin,CA,51.226,-58.6502,62.49,85,100,16.73,overcast clouds
440,Gweta,BW,-20.1833,25.2333,57.0,35,4,7.36,clear sky
441,Roald,NO,62.5833,6.1333,58.33,93,55,5.75,broken clouds
442,Cuauhtemoc,MX,28.4167,-106.8667,72.72,51,77,11.1,broken clouds
443,Gariaband,IN,20.635,82.0614,74.55,93,78,5.86,broken clouds
444,Sisophon,KH,13.5859,102.9737,78.58,86,99,5.61,overcast clouds
445,Tabou,CI,4.423,-7.3528,75.02,84,72,8.86,broken clouds
446,Jardim,BR,-21.4803,-56.1381,68.32,27,100,3.96,overcast clouds
447,Robertsport,LR,6.7533,-11.3686,77.61,78,100,13.96,light rain
448,Yankton,US,42.8711,-97.3973,84.45,54,1,9.22,clear sky
449,Solwezi,ZM,-12.1688,26.3894,53.94,40,0,3.76,clear sky
450,Vao,NC,-22.6667,167.4833,67.98,59,100,17.78,overcast clouds
451,Port Hawkesbury,CA,45.6169,-61.3485,74.59,96,90,1.99,overcast clouds
452,Yalutorovsk,RU,56.6536,66.3006,64.67,93,96,9.69,overcast clouds
453,Amapa,BR,1.0,-52.0,73.42,93,75,2.1,broken clouds
454,Vanimo,PG,-2.6741,141.3028,85.93,62,19,1.97,few clouds
455,Fairbanks,US,64.8378,-147.7164,84.09,46,1,1.99,smoke
456,Uribia,CO,11.7139,-72.266,82.4,68,0,22.82,clear sky
457,Krasnoselkup,RU,65.7,82.4667,68.09,66,13,10.25,few clouds
458,Izumo,JP,35.3667,132.7667,91.29,58,0,4.61,clear sky
459,Aljezur,PT,37.3191,-8.8033,64.83,96,28,11.72,scattered clouds
460,Cache Creek,CA,50.8101,-121.3246,90.05,18,100,10.96,overcast clouds
461,Sal Rei,CV,16.1833,-22.9167,75.76,86,100,13.2,overcast clouds
462,Lubango,AO,-14.9172,13.4925,58.64,33,0,4.7,clear sky
463,Kupang,ID,-10.1667,123.5833,84.78,61,40,21.85,scattered clouds
464,Priargunsk,RU,50.3691,119.1012,66.76,74,22,1.48,few clouds
465,Ayorou,NE,14.7308,0.9174,78.22,77,100,9.84,overcast clouds
466,Tessalit,ML,20.1986,1.0114,82.26,59,100,19.26,overcast clouds
467,Beloha,MG,-25.1667,45.05,62.65,63,0,5.55,clear sky
468,Kitama,TZ,-10.7167,39.7333,67.8,87,97,3.49,overcast clouds
469,Kultuk,RU,51.7208,103.6956,67.24,84,35,3.78,scattered clouds
470,Jacareacanga,BR,-6.2222,-57.7528,76.62,39,72,0.74,broken clouds
471,Kalianget,ID,-7.05,113.9333,82.65,69,79,11.56,broken clouds
472,Vitim,RU,59.4511,112.5578,62.17,89,100,9.04,overcast clouds
473,Kuhdasht,IR,33.535,47.6061,77.29,31,10,3.62,clear sky
474,Sundarnagar,IN,31.5333,76.8833,73.45,83,0,3.13,clear sky
475,Pontianak,ID,-0.0333,109.3333,76.98,94,20,3.44,few clouds
476,Santa Rosalia,MX,27.3167,-112.2833,88.0,57,0,6.26,clear sky
477,Isangel,VU,-19.55,169.2667,69.91,100,90,6.91,overcast clouds
478,Shiyan,CN,32.6475,110.7781,81.59,73,99,3.04,overcast clouds
479,Aasiaat,GL,68.7098,-52.8699,38.1,98,100,7.09,light rain
480,Port Blair,IN,11.6667,92.75,82.29,83,100,20.27,overcast clouds
481,Banjar,ID,-8.19,114.9675,80.46,77,38,0.85,scattered clouds
482,Iberia,US,29.9502,-91.7507,80.67,69,1,4.61,clear sky
483,Kihei,US,20.785,-156.4656,83.46,79,40,21.85,light rain
484,Kajaani,FI,64.2273,27.7285,41.05,100,0,1.14,clear sky
485,Okhotsk,RU,59.3833,143.3,64.81,54,1,5.41,clear sky
486,Hervey Bay,AU,-25.2986,152.8535,68.11,58,82,4.38,broken clouds
487,Kutoarjo,ID,-7.7169,109.9128,81.88,80,93,2.17,overcast clouds
488,Colares,PT,38.7992,-9.4469,67.68,76,14,3.0,few clouds
489,Bubaque,GW,11.2833,-15.8333,78.48,86,100,24.45,light rain
490,Kavaratti,IN,10.5669,72.642,82.27,82,100,21.5,overcast clouds
491,Mandvi,IN,22.8333,69.3667,81.18,80,100,14.34,overcast clouds
492,Okato,NZ,-39.2,173.8833,55.42,84,72,5.97,light rain
493,Merauke,ID,-8.4667,140.3333,80.1,68,97,10.58,overcast clouds
494,Clayton,US,33.5335,-84.3666,79.0,85,1,0.0,clear sky
495,Oyama,JP,36.3,139.8,93.81,45,62,3.47,broken clouds
496,Salalah,OM,17.0151,54.0924,78.89,94,90,6.91,light intensity drizzle
497,Inirida,CO,3.8653,-67.9239,70.41,99,33,2.15,scattered clouds
498,Newport,GB,51.5877,-2.9984,61.86,92,100,13.98,light rain
499,Le Vauclin,MQ,14.5452,-60.8388,81.84,89,75,4.61,broken clouds
500,Balagansk,RU,54.0103,103.0544,69.1,54,14,4.0,few clouds
501,Sidoarjo,ID,-7.4478,112.7183,84.16,74,20,6.91,few clouds
502,Glenwood Springs,US,39.5505,-107.3248,90.52,30,1,3.44,clear sky
503,Meiganga,CM,6.5167,14.3,63.75,96,100,3.44,overcast clouds
504,San Rafael,AR,-34.6177,-68.3301,61.48,30,65,9.19,broken clouds
505,Howard Springs,AU,-12.497,131.047,78.82,29,97,13.96,overcast clouds
506,Shitanjing,CN,39.2342,106.3439,72.41,26,100,7.56,overcast clouds
507,Muyezerskiy,RU,63.9333,31.65,53.85,69,100,1.81,overcast clouds
508,Lerwick,GB,60.1545,-1.1494,57.2,93,56,16.8,broken clouds
509,Wenling,CN,28.3669,121.36,87.91,89,100,5.66,overcast clouds
510,Mangrol,IN,21.1167,70.1167,81.25,83,100,13.58,overcast clouds
511,Eyl,SO,7.9803,49.8164,76.64,66,31,24.38,scattered clouds
512,Nicoya,CR,10.1483,-85.452,74.75,93,100,2.33,moderate rain
513,Dauphin,CA,51.1494,-100.0502,68.14,60,1,5.75,clear sky
514,Rocha,UY,-34.4833,-54.3333,59.29,82,98,10.33,overcast clouds
515,Benghazi,LY,32.1167,20.0667,83.05,64,0,4.54,clear sky
516,Vestmannaeyjar,IS,63.4427,-20.2734,54.79,83,27,1.07,scattered clouds
517,Pau,FR,43.4167,-0.5833,65.86,94,90,4.61,overcast clouds
518,Nehe,CN,48.4833,124.8333,68.59,80,5,7.38,clear sky
519,Faya,SA,18.3851,42.4509,64.92,66,91,4.16,overcast clouds
520,Hollins,US,37.3413,-79.9431,78.22,67,62,1.5,broken clouds
521,Salamiyah,SY,35.0113,37.0532,77.85,48,7,6.98,clear sky
522,Xichang,CN,27.8964,102.2634,72.63,75,100,1.21,overcast clouds
523,Henties Bay,NA,-22.116,14.2845,53.85,86,6,4.74,clear sky
524,Baiquan,CN,47.5833,126.0833,69.44,79,1,10.8,clear sky
525,Palmares Do Sul,BR,-30.2578,-50.5097,62.17,86,100,18.34,overcast clouds
526,Ariquemes,BR,-9.9133,-63.0408,75.78,43,40,2.28,scattered clouds
527,Milton,US,34.1322,-84.3007,78.62,80,100,3.29,overcast clouds
528,Ixtapa,MX,20.7,-105.2,76.23,100,90,6.91,overcast clouds
529,Calatayud,ES,41.3535,-1.6432,72.18,52,0,2.28,clear sky
530,Jalu,LY,29.0331,21.5482,88.38,24,0,9.37,clear sky
531,Zhezkazgan,KZ,47.8043,67.7144,73.71,33,1,8.32,clear sky
532,Pandan,PH,14.0453,124.1694,87.76,63,89,13.2,overcast clouds
533,Bakaly,RU,55.1789,53.8028,56.3,94,1,4.36,clear sky
534,Shellbrook,CA,53.2168,-106.4011,78.03,31,38,4.74,scattered clouds
535,Seoul,KR,37.5683,126.9778,89.17,58,40,2.3,scattered clouds
536,Abnub,EG,27.2696,31.1511,86.22,16,0,5.39,clear sky
537,Goiatuba,BR,-18.0125,-49.3547,68.11,41,87,9.31,overcast clouds
538,Lukulu,ZM,-14.3707,23.242,52.11,27,0,4.99,clear sky
539,Frederikshavn,DK,57.4407,10.5366,55.98,81,0,8.05,clear sky
540,Ankang,CN,32.68,109.0172,79.43,76,99,1.05,overcast clouds
541,Kailua,US,21.4022,-157.7394,87.78,65,90,12.66,overcast clouds
542,Itupiranga,BR,-5.1347,-49.3267,73.72,40,2,1.48,clear sky
543,Loreto,MX,22.2667,-101.9667,69.15,60,84,11.9,broken clouds
544,Fuyu,CN,45.1833,124.8167,76.01,64,98,8.61,overcast clouds
545,Alberdi,AR,-32.8899,-60.6906,60.04,84,0,1.99,clear sky
546,Staunton,US,38.1496,-79.0717,71.1,75,1,0.0,clear sky
547,Marzuq,YE,14.4,46.4667,81.0,46,94,2.33,overcast clouds
548,Sumbe,AO,-11.2061,13.8437,69.75,94,34,2.82,scattered clouds
549,Ilebo,CD,-4.3167,20.5833,71.85,36,0,1.1,clear sky
550,Honavar,IN,14.2833,74.45,77.38,88,100,10.94,overcast clouds
551,Honningsvag,NO,70.9821,25.9704,49.53,93,100,4.52,overcast clouds
552,Chengde,CN,40.9725,117.9361,74.03,73,4,3.02,clear sky
553,Garowe,SO,8.4054,48.4845,73.45,66,97,27.89,overcast clouds
554,Tucurui,BR,-3.7661,-49.6725,80.64,44,35,1.32,scattered clouds
555,Tazovskiy,RU,67.4667,78.7,62.19,73,8,5.91,clear sky
556,Carmen,MX,18.6333,-91.8333,84.24,79,75,9.22,broken clouds
557,Fare,PF,-16.7,-151.0167,78.89,70,94,8.28,overcast clouds
558,Ust-Barguzin,RU,53.45,108.9833,61.88,74,6,1.45,clear sky
559,Mahibadhoo,MV,3.7833,72.9667,81.18,78,100,8.66,overcast clouds
560,Nogliki,RU,51.8333,143.1667,54.63,95,100,13.53,overcast clouds
561,Santa Maria,BR,-29.6842,-53.8069,56.5,100,0,2.3,clear sky
562,Baykit,RU,61.67,96.37,72.79,50,10,3.38,clear sky
563,Ivybridge,GB,50.3904,-3.9191,62.83,96,89,21.65,overcast clouds
564,Ongandjera,NA,-17.8833,15.0667,62.28,28,0,6.93,clear sky
565,Anuradhapura,LK,8.3565,80.4173,78.51,79,100,13.18,overcast clouds
566,Pincher Creek,CA,49.4833,-113.952,81.05,26,1,8.05,clear sky
567,Ancud,CL,-41.8697,-73.8203,50.43,87,100,11.97,light rain
568,Mareeba,AU,-17.0,145.4333,73.49,56,91,5.39,overcast clouds
569,Machiques,VE,10.0644,-72.545,78.26,82,11,7.9,few clouds
570,Linares,CL,-35.85,-71.6,50.76,88,100,2.13,overcast clouds
571,Comodoro Rivadavia,AR,-45.8667,-67.5,58.86,25,0,27.63,clear sky
572,Srimushnam,IN,11.4,79.4167,79.18,74,100,8.75,overcast clouds
573,Karla,EE,59.3723,24.9275,48.16,81,0,3.44,clear sky
574,Luderitz,NA,-26.6481,15.1594,55.81,69,37,1.97,scattered clouds
575,Pacifica,US,37.6138,-122.4869,80.58,84,75,4.0,broken clouds
576,Tadine,NC,-21.55,167.8833,70.86,55,100,17.81,overcast clouds
577,Xining,CN,36.6167,101.7667,59.94,71,100,3.06,overcast clouds
578,Sydney,AU,-33.8679,151.2073,65.35,52,0,1.01,clear sky
579,Ostersund,SE,63.1792,14.6357,57.65,72,40,6.91,scattered clouds
580,San Miguel,SV,13.4833,-88.1833,83.86,84,75,5.75,thunderstorm
581,Dauriya,RU,49.9333,116.8667,70.84,54,6,10.2,clear sky
582,Lakatoro,VU,-16.0999,167.4164,78.55,72,94,5.28,overcast clouds
583,Gladstone,AU,-23.85,151.25,69.78,37,93,5.75,overcast clouds
584,Rovaniemi,FI,66.5,25.7167,54.81,76,0,3.44,clear sky
585,Weiser,US,44.251,-116.9693,98.02,22,27,10.45,scattered clouds
586,Xuddur,SO,4.1213,43.8894,68.36,82,5,15.64,clear sky
587,Uttaradit,TH,17.6667,100.5,77.68,89,99,3.22,overcast clouds
588,Kidal,ML,18.4411,1.4078,79.66,53,97,21.97,overcast clouds
589,Meulaboh,ID,4.1363,96.1285,77.85,76,99,5.03,overcast clouds
590,Bontang,ID,0.1333,117.5,80.53,81,100,7.49,light rain
591,Cooma,AU,-36.2333,149.1333,56.97,38,2,9.22,clear sky
592,Kristiansund,NO,63.1115,7.732,57.25,94,40,0.0,scattered clouds
593,Sao Joao Dos Patos,BR,-6.495,-43.7022,72.41,41,0,2.84,clear sky
594,Lunenburg,CA,44.3835,-64.3155,73.49,98,100,14.97,overcast clouds
595,Flinders,AU,-34.5833,150.8552,67.37,52,0,5.99,clear sky
596,Lososina,RU,48.9975,140.3106,62.04,97,100,3.98,overcast clouds
597,Viedma,AR,-40.8135,-62.9967,62.29,35,7,17.29,clear sky
598,Paraiso,CR,9.8383,-83.8656,67.42,98,100,2.19,overcast clouds
599,Zeven,DE,53.3,9.2833,60.53,94,38,7.52,scattered clouds
600,Sabang,ID,5.8933,95.3214,83.23,73,79,20.0,broken clouds
601,La Union,PE,-5.4,-80.75,68.04,71,0,15.77,clear sky
602,Bereda,ES,43.2686,-7.5406,61.41,89,72,1.9,broken clouds
603,Luena,AO,-11.7833,19.9167,51.39,30,0,4.52,clear sky
604,Vilyuysk,RU,63.7553,121.6247,69.3,32,0,9.62,clear sky
605,Vagamo,NO,61.8751,9.0967,50.31,92,100,5.55,overcast clouds
606,Erenhot,CN,43.6475,111.9767,73.0,34,0,1.68,clear sky
607,Manuk Mangkaw,PH,4.8,119.85,84.85,71,85,8.88,overcast clouds
608,Aykhal,RU,66.0,111.5,61.02,44,0,15.28,clear sky
609,Warri,NG,5.5167,5.75,74.43,91,100,3.09,overcast clouds
610,Kyra,RU,49.5776,111.9753,66.69,64,10,3.33,clear sky
611,Bireun,ID,5.203,96.7009,80.44,59,100,3.29,overcast clouds
612,Talnakh,RU,69.4865,88.3972,71.51,58,100,2.01,overcast clouds
613,Ubinskoye,RU,55.3068,79.6802,59.05,92,36,8.57,scattered clouds
614,Pytalovo,RU,57.0679,27.9138,51.82,98,91,6.44,overcast clouds
615,Otane,NZ,-39.8833,176.6333,60.39,52,24,3.6,few clouds
616,San Jose,US,37.3394,-121.895,84.11,62,20,14.97,haze
617,Ballina,AU,-28.8667,153.5667,66.24,55,67,6.91,broken clouds
618,Columbus,US,39.9612,-82.9988,79.63,65,75,0.0,broken clouds
619,Tamiahua,MX,21.2667,-97.45,82.51,77,93,7.34,overcast clouds
620,Hargeysa,SO,9.56,44.065,70.09,52,22,27.38,few clouds
621,Bedele,ET,8.456,36.353,52.43,96,100,1.74,overcast clouds
622,Namatanai,PG,-3.6667,152.4333,81.77,78,72,10.22,moderate rain
623,Ola,RU,59.5833,151.2833,57.16,57,100,16.4,overcast clouds
624,Sao Joao Da Barra,BR,-21.6403,-41.0511,68.56,80,62,10.58,broken clouds
625,Bilma,NE,18.6853,12.9164,92.86,20,57,6.73,broken clouds
626,Kholm,RU,59.2667,32.85,54.18,97,100,7.31,light rain
627,Batagay,RU,67.6333,134.6333,58.03,42,7,3.8,clear sky
628,Minab,IR,27.1467,57.0801,85.5,57,0,2.15,clear sky
629,Soyo,AO,-6.1349,12.3689,71.87,87,3,5.3,clear sky
630,Shieli,KZ,44.1667,66.75,81.23,27,5,3.69,clear sky
631,Vallenar,CL,-28.5708,-70.7581,64.81,53,46,3.02,scattered clouds
632,Egvekinot,RU,66.3167,-179.1667,47.48,93,100,5.7,moderate rain
633,Rome,US,34.257,-85.1647,79.29,82,1,0.0,clear sky
634,Bathsheba,BB,13.2167,-59.5167,81.21,83,75,11.5,broken clouds
635,Mapimi,MX,25.8167,-103.85,74.17,50,97,5.57,overcast clouds
636,Abu Dhabi,AE,24.4667,54.3667,91.42,79,100,2.3,overcast clouds
637,Ust-Maya,RU,60.4167,134.5333,69.03,39,99,12.73,overcast clouds
638,Kahului,US,20.8947,-156.47,83.46,78,40,21.85,light rain
639,Indramayu,ID,-6.3264,108.32,82.81,72,82,14.29,broken clouds
640,Bang Saphan,TH,11.2126,99.5117,85.95,76,100,8.21,overcast clouds
641,Taoudenni,ML,22.6783,-3.9836,101.32,21,11,15.05,few clouds
642,Opuwo,NA,-18.0607,13.84,58.89,33,1,3.91,clear sky
643,Prieska,ZA,-29.6641,22.7474,45.75,33,0,1.74,clear sky
644,Kashi,CN,39.4547,75.9797,72.61,43,40,6.71,scattered clouds
645,Port-Cartier,CA,50.0334,-66.8654,60.93,86,100,3.96,overcast clouds
646,Windhoek,NA,-22.5594,17.0832,50.36,30,1,2.26,clear sky
647,Turukhansk,RU,65.8167,87.9833,70.43,45,76,13.53,broken clouds
648,Tura,IN,25.5198,90.2201,80.04,90,92,4.74,overcast clouds
649,Dunda,TZ,-8.1167,34.25,58.59,83,0,3.24,clear sky
650,Brae,GB,60.3964,-1.353,57.11,94,47,15.28,scattered clouds
651,Taltal,CL,-25.4,-70.4833,59.16,67,3,4.21,clear sky
652,Tatawin,TN,32.9297,10.4518,79.68,87,0,5.35,clear sky
653,Altay,CN,47.8667,88.1167,64.96,53,5,3.89,clear sky
654,Chadiza,ZM,-14.0678,32.4392,54.25,56,0,2.51,clear sky
655,Jos,NG,9.9167,8.9,63.18,97,100,6.96,overcast clouds
656,Killybegs,IE,54.6333,-8.45,58.44,96,99,4.25,light rain
657,Itaquyry,PY,-24.9333,-55.2167,66.42,67,100,3.53,overcast clouds
658,Nhulunbuy,AU,-12.2333,136.7667,77.61,53,90,18.41,overcast clouds
659,Boleslawiec,PL,51.2642,15.5697,59.45,92,100,3.65,light rain
660,Yatou,CN,37.15,122.3833,78.6,77,100,7.61,light rain
661,Abaza,RU,52.655,90.0928,59.23,92,100,4.47,light rain
662,Emerald,AU,-23.5333,148.1667,66.34,39,100,17.27,overcast clouds
663,Launceston,AU,-41.45,147.1667,58.6,66,71,8.01,moderate rain
664,Kosonsoy,UZ,41.2561,71.5508,70.36,32,6,3.62,clear sky
665,Port Arthur,CN,38.8,121.2667,82.62,80,2,7.85,clear sky
666,Luis Correia,BR,-2.8792,-41.6669,79.36,78,44,9.86,scattered clouds
667,Point Fortin,TT,10.1833,-61.6833,81.01,82,0,8.79,clear sky
668,Miyang,CN,24.4042,103.4428,75.96,76,14,3.33,few clouds
669,Virginia Beach,US,36.8529,-75.978,73.42,85,20,0.0,few clouds
670,Madimba,TZ,-10.4,40.3333,69.4,90,9,5.82,clear sky
671,Parrita,CR,9.5201,-84.3225,82.53,87,100,1.36,overcast clouds
672,Tilichiki,RU,60.4667,166.1,51.06,78,100,22.66,light rain
673,Natal,BR,-5.795,-35.2094,75.85,88,75,10.36,broken clouds
674,Ipilan,PH,8.8431,117.9033,87.4,67,94,12.86,overcast clouds
675,Kalmunai,LK,7.4167,81.8167,81.36,69,100,5.44,overcast clouds
676,Mizan Teferi,ET,6.9833,35.5833,59.56,93,100,2.73,overcast clouds
677,Chiang Khong,TH,20.2613,100.4046,79.12,85,100,2.35,overcast clouds
678,Liepaja,LV,56.5419,21.0367,57.25,93,60,4.61,broken clouds
679,Alofi,NU,-19.0595,-169.9187,78.69,69,40,5.75,scattered clouds
680,Khani,GE,41.9563,42.9566,65.77,57,92,6.44,overcast clouds
681,Omsukchan,RU,62.5333,155.8,41.5,95,100,11.54,overcast clouds
